{
    "root_group": {
        "name": "",
        "path": "",
        "id": "d41d8cd98f00b204e9800998ecf8427e",
        "groups": {},
        "checks": {
                "status 200 ou 201": {
                    "name": "status 200 ou 201",
                    "path": "::status 200 ou 201",
                    "id": "8774ca8df4175415ed87b6c83d4d4f5b",
                    "passes": 7348,
                    "fails": 0
                }
            }
    },
    "metrics": {
        "http_req_sending": {
            "p(95)": 0.067192,
            "avg": 0.030133038105607003,
            "min": 0.007517,
            "med": 0.020731,
            "max": 0.986553,
            "p(90)": 0.05889440000000001
        },
        "http_req_duration": {
            "max": 2119.294168,
            "p(90)": 69.8876561,
            "p(95)": 83.59143439999995,
            "avg": 45.35039612547622,
            "min": 16.29807,
            "med": 29.996924,
            "thresholds": {
                "p(95)<1000": false,
                "p(99)<1500": false
            }
        },
        "http_req_duration{expected_response:true}": {
            "min": 16.29807,
            "med": 29.996924,
            "max": 2119.294168,
            "p(90)": 69.8876561,
            "p(95)": 83.59143439999995,
            "avg": 45.35039612547622
        },
        "http_req_receiving": {
            "avg": 0.11371754817637468,
            "min": 0.020717,
            "med": 0.106242,
            "max": 1.097478,
            "p(90)": 0.162323,
            "p(95)": 0.19440784999999997
        },
        "checks": {
            "passes": 7348,
            "fails": 0,
            "value": 1
        },
        "http_req_tls_handshaking": {
            "min": 0,
            "med": 0,
            "max": 0,
            "p(90)": 0,
            "p(95)": 0,
            "avg": 0
        },
        "iterations": {
            "count": 7348,
            "rate": 328.9058524852534
        },
        "http_req_waiting": {
            "avg": 45.206545539194465,
            "min": 16.149578,
            "med": 29.844696,
            "max": 2119.177476,
            "p(90)": 69.736681,
            "p(95)": 83.35197529999994
        },
        "http_req_failed": {
            "passes": 0,
            "fails": 7348,
            "thresholds": {
                "rate<0.01": false
            },
            "value": 0
        },
        "iteration_duration": {
            "avg": 40.875673766739254,
            "min": 16.517305,
            "med": 29.996262,
            "max": 249.0356,
            "p(90)": 69.3263825,
            "p(95)": 82.40784089999995
        },
        "http_reqs": {
            "count": 7348,
            "rate": 328.9058524852534
        },
        "vus": {
            "value": 15,
            "min": 15,
            "max": 15
        },
        "data_received": {
            "rate": 125313.12979688155,
            "count": 2799588
        },
        "http_req_blocked": {
            "avg": 0.007993112955906368,
            "min": 0.002109,
            "med": 0.005514,
            "max": 1.64725,
            "p(90)": 0.007517,
            "p(95)": 0.010182149999999996
        },
        "http_req_connecting": {
            "max": 0.606008,
            "p(90)": 0,
            "p(95)": 0,
            "avg": 0.0007454466521502449,
            "min": 0,
            "med": 0
        },
        "vus_max": {
            "min": 15,
            "max": 15,
            "value": 15
        },
        "data_sent": {
            "count": 1513688,
            "rate": 67754.6056119622
        }
    }
}