{
    "root_group": {
        "name": "",
        "path": "",
        "id": "d41d8cd98f00b204e9800998ecf8427e",
        "groups": {},
        "checks": {
                "status 200 ou 201": {
                    "passes": 10994,
                    "fails": 0,
                    "name": "status 200 ou 201",
                    "path": "::status 200 ou 201",
                    "id": "8774ca8df4175415ed87b6c83d4d4f5b"
                }
            }
    },
    "metrics": {
        "http_req_failed": {
            "passes": 0,
            "fails": 10994,
            "thresholds": {
                "rate<0.01": false
            },
            "value": 0
        },
        "http_req_tls_handshaking": {
            "p(95)": 0,
            "avg": 0,
            "min": 0,
            "med": 0,
            "max": 0,
            "p(90)": 0
        },
        "http_req_duration{expected_response:true}": {
            "p(95)": 64.46867155000001,
            "avg": 50.9473835343822,
            "min": 25.094025,
            "med": 43.0013835,
            "max": 2182.838914,
            "p(90)": 56.7242681
        },
        "iterations": {
            "rate": 488.47415526327,
            "count": 10994
        },
        "http_req_blocked": {
            "avg": 0.007411222121156912,
            "min": 0.002016,
            "med": 0.005409,
            "max": 3.147467,
            "p(90)": 0.007,
            "p(95)": 0.0077
        },
        "http_req_waiting": {
            "avg": 50.81479907840635,
            "min": 24.984575,
            "med": 42.865254,
            "max": 2182.741266,
            "p(90)": 56.595442000000006,
            "p(95)": 64.32513690000002
        },
        "iteration_duration": {
            "p(90)": 56.928153099999996,
            "p(95)": 64.58829975,
            "avg": 45.49161596106964,
            "min": 25.232717,
            "med": 43.1733505,
            "max": 252.590198
        },
        "http_reqs": {
            "count": 10994,
            "rate": 488.47415526327
        },
        "http_req_duration": {
            "med": 43.0013835,
            "max": 2182.838914,
            "p(90)": 56.7242681,
            "p(95)": 64.46867155000001,
            "avg": 50.9473835343822,
            "min": 25.094025,
            "thresholds": {
                "p(95)<1000": false,
                "p(99)<1500": false
            }
        },
        "vus_max": {
            "value": 25,
            "min": 25,
            "max": 25
        },
        "http_req_sending": {
            "med": 0.0198,
            "max": 0.755334,
            "p(90)": 0.0575667,
            "p(95)": 0.06334134999999999,
            "avg": 0.02778376514462435,
            "min": 0.0077
        },
        "vus": {
            "max": 25,
            "value": 25,
            "min": 25
        },
        "http_req_connecting": {
            "med": 0,
            "max": 1.266817,
            "p(90)": 0,
            "p(95)": 0,
            "avg": 0.000862033927596871,
            "min": 0
        },
        "checks": {
            "passes": 10994,
            "fails": 0,
            "value": 1
        },
        "data_received": {
            "count": 4188714,
            "rate": 186108.65315530586
        },
        "data_sent": {
            "count": 2264764,
            "rate": 100625.67598423362
        },
        "http_req_receiving": {
            "med": 0.1023,
            "max": 0.991375,
            "p(90)": 0.149325,
            "p(95)": 0.1691,
            "avg": 0.1048006908313624,
            "min": 0.019158
        }
    }
}