{
    "metrics": {
        "checks": {
            "passes": 6400,
            "fails": 0,
            "value": 1
        },
        "iterations": {
            "count": 6400,
            "rate": 284.69225699586065
        },
        "http_reqs": {
            "count": 6400,
            "rate": 284.69225699586065
        },
        "data_received": {
            "rate": 108467.7499154229,
            "count": 2438400
        },
        "http_req_connecting": {
            "avg": 0.0006688514062499999,
            "min": 0,
            "med": 0,
            "max": 0.523967,
            "p(90)": 0,
            "p(95)": 0
        },
        "vus": {
            "max": 20,
            "value": 20,
            "min": 20
        },
        "http_req_receiving": {
            "p(90)": 0.16610920000000004,
            "p(95)": 0.20002519999999988,
            "avg": 0.11328341468749997,
            "min": 0.020442,
            "med": 0.103858,
            "max": 3.389191
        },
        "iteration_duration": {
            "med": 58.8114205,
            "max": 262.296833,
            "p(90)": 86.02699250000003,
            "p(95)": 118.74320299999962,
            "avg": 62.59147341359353,
            "min": 19.854817
        },
        "data_sent": {
            "count": 1318400,
            "rate": 58646.604941147285
        },
        "http_req_blocked": {
            "p(90)": 0.008158,
            "p(95)": 0.011367,
            "avg": 0.0072001837499999725,
            "min": 0.002017,
            "med": 0.005408,
            "max": 0.651566
        },
        "http_req_tls_handshaking": {
            "med": 0,
            "max": 0,
            "p(90)": 0,
            "p(95)": 0,
            "avg": 0,
            "min": 0
        },
        "vus_max": {
            "value": 20,
            "min": 20,
            "max": 20
        },
        "http_req_duration": {
            "min": 19.676434,
            "med": 58.7847335,
            "max": 2129.597538,
            "p(90)": 86.8847097,
            "p(95)": 125.20799044999998,
            "avg": 70.01666127609388,
            "thresholds": {
                "p(95)<1000": false,
                "p(99)<1500": false
            }
        },
        "http_req_failed": {
            "passes": 0,
            "fails": 6400,
            "thresholds": {
                "rate<0.01": false
            },
            "value": 0
        },
        "http_req_duration{expected_response:true}": {
            "avg": 70.01666127609388,
            "min": 19.676434,
            "med": 58.7847335,
            "max": 2129.597538,
            "p(90)": 86.8847097,
            "p(95)": 125.20799044999998
        },
        "http_req_waiting": {
            "med": 58.648283500000005,
            "max": 2129.457105,
            "p(90)": 86.7188478,
            "p(95)": 125.03964029999996,
            "avg": 69.87361227937492,
            "min": 19.58715
        },
        "http_req_sending": {
            "avg": 0.029765582031249932,
            "min": 0.007791,
            "med": 0.020167,
            "max": 1.283975,
            "p(90)": 0.05922530000000003,
            "p(95)": 0.07205
        }
    },
    "root_group": {
        "path": "",
        "id": "d41d8cd98f00b204e9800998ecf8427e",
        "groups": {},
        "checks": {
                "status 200 ou 201": {
                    "id": "8774ca8df4175415ed87b6c83d4d4f5b",
                    "passes": 6400,
                    "fails": 0,
                    "name": "status 200 ou 201",
                    "path": "::status 200 ou 201"
                }
            },
        "name": ""
    }
}