{
    "root_group": {
        "name": "",
        "path": "",
        "id": "d41d8cd98f00b204e9800998ecf8427e",
        "groups": {},
        "checks": {
                "status 200 ou 201": {
                    "path": "::status 200 ou 201",
                    "id": "8774ca8df4175415ed87b6c83d4d4f5b",
                    "passes": 9261,
                    "fails": 0,
                    "name": "status 200 ou 201"
                }
            }
    },
    "metrics": {
        "iteration_duration": {
            "avg": 21.586071213907882,
            "min": 10.966909,
            "med": 19.290517,
            "max": 544.201441,
            "p(90)": 27.879683,
            "p(95)": 33.048583
        },
        "checks": {
            "passes": 9261,
            "fails": 0,
            "value": 1
        },
        "http_req_blocked": {
            "min": 0.002109,
            "med": 0.005408,
            "max": 0.990916,
            "p(90)": 0.006966,
            "p(95)": 0.007731,
            "avg": 0.006670750134974528
        },
        "http_req_connecting": {
            "p(90)": 0,
            "p(95)": 0,
            "avg": 0.00048702807472195234,
            "min": 0,
            "med": 0,
            "max": 0.666325
        },
        "http_req_tls_handshaking": {
            "max": 0,
            "p(90)": 0,
            "p(95)": 0,
            "avg": 0,
            "min": 0,
            "med": 0
        },
        "vus": {
            "value": 10,
            "min": 10,
            "max": 10
        },
        "http_req_duration": {
            "avg": 24.03731699136153,
            "min": 10.854891,
            "med": 19.101133,
            "max": 2117.183507,
            "p(90)": 27.846467,
            "p(95)": 33.107525,
            "thresholds": {
                "p(99)<1500": false,
                "p(95)<1000": false
            }
        },
        "data_sent": {
            "count": 1907766,
            "rate": 84957.35016829665
        },
        "data_received": {
            "count": 3528441,
            "rate": 157129.85637922827
        },
        "http_reqs": {
            "count": 9261,
            "rate": 412.4143212053235
        },
        "http_req_waiting": {
            "avg": 23.899682790843347,
            "min": 10.701075,
            "med": 18.974175,
            "max": 2117.055631,
            "p(90)": 27.660784,
            "p(95)": 32.982657
        },
        "http_req_sending": {
            "p(95)": 0.066,
            "avg": 0.02850878674009279,
            "min": 0.0077,
            "med": 0.019617,
            "max": 1.631575,
            "p(90)": 0.059217
        },
        "http_req_duration{expected_response:true}": {
            "med": 19.101133,
            "max": 2117.183507,
            "p(90)": 27.846467,
            "p(95)": 33.107525,
            "avg": 24.03731699136153,
            "min": 10.854891
        },
        "vus_max": {
            "max": 10,
            "value": 10,
            "min": 10
        },
        "http_req_failed": {
            "fails": 9261,
            "passes": 0,
            "thresholds": {
                "rate<0.01": false
            },
            "value": 0
        },
        "http_req_receiving": {
            "avg": 0.10912541377820983,
            "min": 0.01925,
            "med": 0.104958,
            "max": 1.692991,
            "p(90)": 0.150883,
            "p(95)": 0.167475
        },
        "iterations": {
            "count": 9261,
            "rate": 412.4143212053235
        }
    }
}